{
  "cognito": {
    "poolId": "us-east-1:da2aa9a0-0fa3-4023-8f56-c76d3bdf41c3",
    "appUserPoolClientId": "",
    "appUserPoolName": "",
    "appDomainName": "",
    "appUserPoolIdentityProvider": ""
  },
  "lex": {
    "botName": "OrderFlowers",
    "botAlias": "$LATEST",
    "initialText": "",
    "initialSpeechInstruction": "",
    "reInitSessionAttributesOnRestart": false
  },
  "ui": {
    "parentOrigin": "",
    "toolbarTitle": "Order Flowers",
    "toolbarLogo": "",
    "positiveFeedbackIntent": "",
    "negativeFeedbackIntent": "",
    "helpIntent": "",
    "enableLogin": false,
    "AllowSuperDangerousHTMLInMessage": true,
    "shouldDisplayResponseCardTitle": false,
    "pushInitialTextOnRestart": false,
    "directFocusToBotInput": false,
    "showDialogStateIcon": false
  },
  "polly": {
    "voiceId": "Salli"
  },
  "recorder": {
    "preset": "speech_recognition"
  },
  "iframe": {
    "iframeOrigin": "",
    "shouldLoadIframeMinimized": false,
    "iframeSrcPath": "/index.html#/?lexWebUiEmbed=true"
  }
}