{
  "cognito": {
    "poolId": "us-east-1:389f9063-82a0-4a8c-bdc3-3bbb4c3d36d0",
    "appUserPoolClientId": "10nfneq3quoam3qivvrhvab9l5",
    "appUserPoolName": "",
    "appDomainName": "lexwebuitestekidentitypoolconfigkmvqaydcuehko539180715237.auth.us-east-1.amazoncognito.com"
  },
  "lex": {
    "botName": "OrderFlowers",
    "initialText": "You can ask me for help ordering flowers. Just type \"Buy flowers\" or click on the mic and say it.",
    "initialSpeechInstruction": "Say 'Buy Flowers' to get started."
  },
  "ui": {
    "parentOrigin": "http://localhost:8080",
    "toolbarTitle": "Order Flowers",
    "toolbarLogo": "",
    "enableLogin": "true",
    "pushInitialTextOnRestart": false
  },
  "polly": {
    "voiceId": "Salli"
  },
  "recorder": {
    "preset": "speech_recognition"
  },
  "iframe": {
    "iframeOrigin": "http://localhost:8080",
    "iframeSrcPath": "/index.html#/?lexWebUiEmbed=true",
    "shouldLoadIframeMinimized": false
  }
}