{
  "region": "us-east-1",
  "cognito": {
    "poolId": "us-east-1:e1660340-feed-463f-bd46-f2505db0b83e",
    "appUserPoolClientId": "5k84tqbs7popssqpi96cv5su13",
    "appUserPoolName": "CognitoUserPool-b9DAb8EgRPif",
    "appDomainName": "https://lexkwebkuikpipelinekpublickidentitypoolconf197212235886.auth.us-east-1.amazoncognito.com",
    "aws_cognito_region": "us-east-1",
    "region": "us-east-1",
    "appUserPoolIdentityProvider": ""
  },
  "lex": {
    "botName": "WebUiOrderFlowers",
    "botAlias": "$LATEST",
    "initialText": "# This is the initial *message*",
    "initialSpeechInstruction": "",
    "region": "us-east-1"
  },
  "ui": {
    "parentOrigin": "http://localhost:8000",
    "toolbarTitle": "Test Env",
    "toolbarLogo": "",
    "positiveFeedbackIntent": "",
    "negativeFeedbackIntent": "",
    "helpIntent": "help",
    "enableLogin": true,
    "AllowSuperDangerousHTMLInMessage": true,
    "shouldDisplayResponseCardTitle": false,
    "hideInputFieldsForButtonResponse": false,
    "directFocusToBotInput": false,
    "showDialogStateIcon": false
  },
  "polly": {
    "voiceId": "Salli"
  },
  "recorder": {
    "preset": "speech_recognition"
  },
  "iframe": {
    "iframeOrigin": "",
    "shouldLoadIframeMinimized": false,
    "iframeSrcPath": "/index.html#/?lexWebUiEmbed=true"
  }
}