{
  "cognito": {
    "poolId": "us-east-1:688332b4-9ec3-4f60-9029-83f03439cdb6",
    "appUserPoolClientId": "2nprgcfdbncc6et0uj65tr2a3r",
    "appUserPoolName": "us-east-1_Ta5JPEJGs",
    "appDomainName": "osukdevklexkwebkuikidentitypoolconfigkbgjqn930613202392.auth.us-east-1.amazoncognito.com",
    "appUserPoolIdentityProvider": ""
  },
  "lex": {
    "botName": "OrderFlowers",
    "botAlias": "$LATEST",
    "initialText": "Ask me a question",
    "initialSpeechInstruction": "Ask me a question to get started",
    "reInitSessionAttributesOnRestart": false
  },
  "ui": {
    "parentOrigin": "https://osu-dev-lex-web-ui-codebuilddeploy-1-webappbucket-1w26j9x5xjb04.s3.amazonaws.com",
    "toolbarTitle": "QnABot",
    "toolbarLogo": "",
    "positiveFeedbackIntent": "thumbs up",
    "negativeFeedbackIntent": "thumbs down",
    "helpIntent": false,
    "enableLogin": true,
    "AllowSuperDangerousHTMLInMessage": true,
    "shouldDisplayResponseCardTitle": false,
    "pushInitialTextOnRestart": false,
    "directFocusToBotInput": false,
    "showDialogStateIcon": false
  },
  "polly": {
    "voiceId": "Salli"
  },
  "recorder": {
    "preset": "speech_recognition"
  },
  "iframe": {
    "iframeOrigin": "https://osu-dev-lex-web-ui-codebuilddeploy-1-webappbucket-1w26j9x5xjb04.s3.amazonaws.com",
    "shouldLoadIframeMinimized": false,
    "iframeSrcPath": "/index.html#/?lexWebUiEmbed=true"
  }
}