{
  "cognito": {
    "poolId": "us-east-1:6768184b-c61a-4680-91e1-302ec0f389bd",
    "appUserPoolClientId": "",
    "appUserPoolName": "",
    "appDomainName": "",
    "appUserPoolIdentityProvider": ""
  },
  "lex": {
    "botName": "OrderFlowers",
    "botAlias": "$LATEST",
    "initialText": "Hello, I'm your friendly neighborhood chatbot",
    "initialSpeechInstruction": "Try saying execute order 66",
    "reInitSessionAttributesOnRestart": false
  },
  "ui": {
    "parentOrigin": "",
    "toolbarTitle": "AskSLU",
    "toolbarLogo": "",
    "enableLogin": false,
    "AllowSuperDangerousHTMLInMessage": false,
    "shouldDisplayResponseCardTitle": false,
    "pushInitialTextOnRestart": false,
    "directFocusToBotInput": false,
    "showDialogFeedback": true,
    "showDialogStateIcon": false
  },
  "polly": {
    "voiceId": "Salli"
  },
  "recorder": {
    "preset": "speech_recognition"
  },
  "iframe": {
    "iframeOrigin": "",
    "shouldLoadIframeMinimized": false,
    "iframeSrcPath": "/index.html#/?lexWebUiEmbed=true"
  }
}