{
  "cognito": {
    "poolId": "us-east-1:389f9063-82a0-4a8c-bdc3-3bbb4c3d36d0",
    "appUserPoolClientId": "",
    "appUserPoolName": "",
    "appDomainName": ""
  },
  "lex": {
    "botName": "OrderFlowers",
    "initialText": "You can ask me for help ordering flowers. Just type \"Buy flowers\" or click on the mic and say it.",
    "initialSpeechInstruction": "Say 'Buy Flowers' to get started."
  },
  "ui": {
    "parentOrigin": "",
    "toolbarTitle": "Order Flowers",
    "toolbarLogo": "",
    "enableLogin": "false",
    "pushInitialTextOnRestart": false
  },
  "polly": {
    "voiceId": "Salli"
  },
  "recorder": {
    "preset": "speech_recognition"
  },
  "iframe": {
    "iframeOrigin": "",
    "iframeSrcPath": "/index.html#/?lexWebUiEmbed=true",
    "shouldLoadIframeMinimized": true
  }
}