{
  "cognito": {
    "poolId": "us-east-1:aa8c83df-49e8-4a53-adea-c0a90d762a83",
    "appUserPoolClientId": "727umf381vhdhorp3qh0dvi72f",
    "appUserPoolName": "us-east-1_tz8P8iZcb",
    "appDomainName": "lexkwebkuikidentitypoolconfigkjazfpzssdfhe238359442180.auth.us-east-1.amazoncognito.com",
    "appUserPoolIdentityProvider": ""
  },
  "lex": {
    "botName": "OrderFlowers",
    "botAlias": "$LATEST",
    "initialText": "Hi I am the SLU chatbot.",
    "initialSpeechInstruction": "Hi I am the SLU chatbot.",
    "reInitSessionAttributesOnRestart": false
  },
  "ui": {
    "parentOrigin": "",
    "toolbarTitle": "AskSLU",
    "toolbarLogo": "",
    "enableLogin": false,
    "AllowSuperDangerousHTMLInMessage": true,
    "shouldDisplayResponseCardTitle": false,
    "pushInitialTextOnRestart": false,
    "directFocusToBotInput": false,
    "showDialogFeedback": true,
    "showDialogStateIcon": false
  },
  "polly": {
    "voiceId": "Salli"
  },
  "recorder": {
    "preset": "speech_recognition"
  },
  "iframe": {
    "iframeOrigin": "",
    "shouldLoadIframeMinimized": false,
    "iframeSrcPath": "/index.html#/?lexWebUiEmbed=true"
  }
}